{
  "clean_ld": 1.293433279156685,
  "corrupted_ld": -1.3670511611104013,
  "n_examples": 1000
}