{"clean_ld": 1.2934340236783028, "corrupted_ld": -1.3670509489178657}